id,created_at,geo_coords,hashtag,place_coords,place_name,retweet_count,source,text,user_description,user_favourites_count,user_followers_count,user_friends_count,user_id,user_listed_count,user_location,user_name,user_screen_name,user_statuses_count,WC,Analytic,Clout,Authentic,Tone,WPS,Sixltr,Dic,function,pronoun,ppron,i,we,you,shehe,they,ipron,article,prep,auxverb,adverb,conj,negate,verb,adj,compare,interrog,number,quant,affect,posemo,negemo,anx,anger,sad,social,family,friend,female,male,cogproc,insight,cause,discrep,tentat,certain,differ,percept,see,hear,feel,bio,body,health,sexual,ingest,drives,affiliation,achieve,power,reward,risk,focuspast,focuspresent,focusfuture,relativ,motion,space,time,work,leisure,home,money,relig,death,informal,swear,netspeak,assent,nonflu,filler,AllPunc,Period,Comma,Colon,SemiC,QMark,Exclam,Dash,Quote,Apostro,Parenth,OtherP,mortality_salience
952241020296548353,2018-01-13 18:08:45,,,"[[-124.848975, 45.543542], [-124.848975, 49.002502], [-116.915989, 49.002502], [-116.915989, 45.543542]]",Washington,0,Twitter for iPhone,@MsAshleyMich oh my god. stay safe ððð,19. capricorn. wellesley & sacramento. she/her.,23450,373,0,3113204093,6,lbâ¢bwâ¢lkâ¢klâ¢lmâ¢sbâ¢cxgfâ¢swâ¢bway,alexa,lexatrexa,12410,6,60.8,4.8,98.01,99.0,3.0,16.67,83.33,16.67,16.67,16.67,16.67,0.0,0.0,0.0,0.0,0.0,0.0,0.0,0.0,0.0,0.0,0.0,16.67,16.67,0.0,0.0,0.0,0.0,16.67,16.67,0.0,0.0,0.0,0.0,0.0,0.0,0.0,0.0,0.0,0.0,0.0,0.0,0.0,0.0,0.0,0.0,0.0,0.0,0.0,0.0,0.0,0.0,0.0,0.0,0.0,33.33,0.0,0.0,16.67,0.0,16.67,0.0,16.67,0.0,16.67,16.67,16.67,0.0,0.0,0.0,0.0,0.0,16.67,0.0,16.67,0.0,0.0,0.0,16.67,0.0,33.33,16.67,0.0,0.0,0.0,0.0,0.0,0.0,0.0,0.0,0.0,16.67,1
952241374564249602,2018-01-13 18:10:10,,,"[[-119.348075, 46.164988], [-119.348075, 46.351367], [-119.211248, 46.351367], [-119.211248, 46.164988]]",Richland,1,Twitter for iPhone,Donât ask me to kick it at 3:30 in the morning wtf?,| ð» Jazlynn_42 | 18,5437,739,0,4362756854,0,In my room ,Jazzy ð,Jazlynn_42,10877,13,92.84,6.21,94.81,25.77,13.0,7.69,84.62,53.85,15.38,7.69,7.69,0.0,0.0,0.0,0.0,7.69,7.69,23.08,7.69,0.0,0.0,7.69,23.08,0.0,0.0,0.0,15.38,0.0,0.0,0.0,0.0,0.0,0.0,0.0,7.69,0.0,0.0,0.0,0.0,0.0,0.0,0.0,0.0,0.0,0.0,0.0,0.0,0.0,0.0,0.0,0.0,0.0,0.0,0.0,0.0,0.0,0.0,0.0,0.0,0.0,0.0,0.0,23.08,0.0,23.08,0.0,15.38,7.69,0.0,0.0,0.0,0.0,0.0,0.0,7.69,7.69,7.69,0.0,0.0,0.0,23.08,0.0,0.0,7.69,0.0,7.69,0.0,0.0,0.0,7.69,0.0,0.0,1
952241376334434310,2018-01-13 18:10:10,,,"[[-83.433894, 42.352453], [-83.433894, 42.442178], [-83.312805, 42.442178], [-83.312805, 42.352453]]",Livonia,0,Twitter for Android,"Please help with finding this suspect! Infant abducted found safe, suspect still at large, https://t.co/U3G54RX7eq","I am a disabled person. I am a #Conservative, #geek, #scifi  fan, #StarTrek fan, #Anime fan, husband and father of beautiful kids, #Christian. #MAGA m",33859,1653,0,3379172271,65,,James Thompson,omegaprime01,37851,19,92.84,85.38,99.0,99.0,9.5,26.32,73.68,21.05,5.26,0.0,0.0,0.0,0.0,0.0,0.0,5.26,0.0,10.53,0.0,5.26,0.0,0.0,5.26,10.53,0.0,0.0,0.0,0.0,10.53,10.53,0.0,0.0,0.0,0.0,10.53,0.0,0.0,0.0,0.0,21.05,21.05,0.0,0.0,0.0,0.0,0.0,0.0,0.0,0.0,0.0,0.0,0.0,0.0,0.0,0.0,15.79,5.26,0.0,10.53,0.0,5.26,5.26,0.0,0.0,15.79,0.0,10.53,5.26,0.0,0.0,0.0,0.0,0.0,0.0,5.26,0.0,5.26,0.0,0.0,0.0,31.58,5.26,10.53,0.0,0.0,0.0,5.26,0.0,0.0,0.0,0.0,10.53,1
952241423226671105,2018-01-13 18:10:21,,missile,"[[-178.443593, 18.86546], [-178.443593, 28.517269], [-154.755792, 28.517269], [-154.755792, 18.86546]]",Hawaii,0,Twitter for iPhone,Just got a warning on my phone of a ballistic #missile heading towards Hawaii,#Pagan #BlondeInDenial #PickyEater #OffGridLife #Puna #EndTheStigma #MotherlessDaughter #AntiFGM #feminist #DonateLife #spoonie #cPTSD,142569,1657,0,76147467,200,"Pahoa, HI",cherie.laiken.kingð»ð»ð»,sunflwer1975,153262,14,99.0,50.0,89.63,1.0,14.0,35.71,78.57,50.0,7.14,7.14,7.14,0.0,0.0,0.0,0.0,0.0,14.29,21.43,0.0,7.14,0.0,0.0,14.29,0.0,0.0,0.0,0.0,0.0,7.14,0.0,7.14,0.0,0.0,0.0,7.14,0.0,0.0,0.0,0.0,0.0,0.0,0.0,0.0,0.0,0.0,0.0,7.14,0.0,7.14,0.0,0.0,0.0,0.0,0.0,0.0,14.29,0.0,0.0,0.0,7.14,7.14,7.14,0.0,7.14,21.43,7.14,14.29,0.0,0.0,0.0,0.0,0.0,0.0,0.0,0.0,0.0,0.0,0.0,0.0,0.0,7.14,0.0,0.0,0.0,0.0,0.0,0.0,0.0,0.0,0.0,0.0,7.14,1
952241523583692800,2018-01-13 18:10:45,,,"[[-178.443593, 18.86546], [-178.443593, 28.517269], [-154.755792, 28.517269], [-154.755792, 18.86546]]",Hawaii,0,Twitter for iPhone,@TrueFactsStated Iâm vacationing in Hawaii and just got a notice of an incoming ballistic missile threat. Can you gâ¦ https://t.co/iREypErpKe,"I want America to be sane again. Doing my part to resist the corrupt, racist GOP agenda. âHe who shall not be namedâ & his cronies needs to go âASAP.",2830,56,0,61817981,1,,Micki,mich614,1062,24,80.75,66.17,7.84,1.0,12.0,25.0,58.33,37.5,8.33,8.33,4.17,0.0,4.17,0.0,0.0,0.0,8.33,8.33,8.33,4.17,4.17,0.0,12.5,0.0,0.0,0.0,0.0,0.0,4.17,0.0,4.17,4.17,4.17,0.0,4.17,0.0,0.0,0.0,0.0,4.17,4.17,0.0,0.0,0.0,0.0,0.0,0.0,0.0,0.0,0.0,0.0,0.0,0.0,0.0,0.0,8.33,0.0,0.0,4.17,4.17,4.17,4.17,12.5,0.0,4.17,0.0,4.17,0.0,0.0,4.17,0.0,0.0,0.0,0.0,4.17,0.0,4.17,0.0,0.0,0.0,29.17,12.5,0.0,0.0,0.0,0.0,0.0,0.0,0.0,4.17,0.0,12.5,1
952241617200668673,2018-01-13 18:11:07,,AnimalCrossing; Wtf,"[[-80.321683, 25.70904], [-80.321683, 25.855667], [-80.144974, 25.855667], [-80.144974, 25.70904]]",Miami,0,Twitter for iPhone,Now this is messed up ... a chicken named Goose who wants me to craft a turkey. #AnimalCrossing #Wtf https://t.co/DQNmeekNZ9,"Traffic Manager at a boutique #Agency. #Taco Obsessed, Lover of #Dinos & Human to Retired #Greyhound. Terrified of Pregnant Women & Spiders.",377,516,0,62131700,33,"Miami, FL",Charlotte Ethel,breadchastick03,17727,23,87.57,33.19,2.02,25.77,7.67,13.04,56.52,39.13,13.04,4.35,4.35,0.0,0.0,0.0,0.0,8.7,8.7,8.7,4.35,4.35,0.0,0.0,13.04,0.0,0.0,4.35,0.0,0.0,0.0,0.0,0.0,0.0,0.0,0.0,4.35,0.0,0.0,0.0,0.0,4.35,0.0,0.0,4.35,0.0,0.0,0.0,0.0,0.0,0.0,0.0,0.0,0.0,0.0,0.0,0.0,4.35,0.0,0.0,4.35,0.0,0.0,4.35,13.04,4.35,8.7,0.0,4.35,4.35,0.0,0.0,0.0,0.0,0.0,0.0,8.7,4.35,8.7,0.0,0.0,0.0,39.13,21.74,0.0,0.0,0.0,0.0,0.0,0.0,0.0,0.0,0.0,17.39,1
952241636171382784,2018-01-13 18:11:12,,,"[[-178.443593, 18.86546], [-178.443593, 28.517269], [-154.755792, 28.517269], [-154.755792, 18.86546]]",Hawaii,0,Twitter for iPhone,Well fuck. Ballistic missile incoming.,A fine aged 1980's gamer with a hint of retro and a full bodied enjoyment of games from all ages.,7575,90,0,70915794,10,"Oahu, Hawaii",Sean,sean697,10792,5,51.43,2.31,1.0,25.77,2.5,60.0,40.0,20.0,0.0,0.0,0.0,0.0,0.0,0.0,0.0,0.0,0.0,0.0,0.0,20.0,0.0,0.0,20.0,0.0,0.0,0.0,0.0,0.0,40.0,20.0,20.0,0.0,20.0,0.0,0.0,0.0,0.0,0.0,0.0,0.0,0.0,0.0,0.0,0.0,0.0,0.0,0.0,0.0,0.0,0.0,20.0,0.0,0.0,20.0,0.0,0.0,0.0,0.0,0.0,0.0,0.0,0.0,20.0,0.0,0.0,0.0,0.0,0.0,0.0,0.0,0.0,0.0,0.0,0.0,40.0,20.0,0.0,0.0,20.0,0.0,40.0,40.0,0.0,0.0,0.0,0.0,0.0,0.0,0.0,0.0,0.0,0.0,1
952241691775389698,2018-01-13 18:11:25,,,"[[-96.977527, 32.620678], [-96.977527, 33.019039], [-96.54598, 33.019039], [-96.54598, 32.620678]]",Dallas,0,Twitter for iPhone,Wtf going on man...,"For Collaborations & Booking information contact tukaymanagement@gmail.com., IF I FOLLOW YOU FOLLOW BACK BITCH",757,8515,0,26415520,14,HAWAII âï¸ DALLAS TX,TUKAY,TukayMusic,69686,4,99.0,50.0,99.0,25.77,4.0,0.0,100.0,25.0,0.0,0.0,0.0,0.0,0.0,0.0,0.0,0.0,0.0,25.0,0.0,0.0,0.0,0.0,25.0,0.0,0.0,0.0,0.0,0.0,0.0,0.0,0.0,0.0,0.0,0.0,25.0,0.0,0.0,0.0,25.0,0.0,0.0,0.0,0.0,0.0,0.0,0.0,0.0,0.0,0.0,0.0,0.0,0.0,0.0,0.0,0.0,0.0,0.0,0.0,0.0,0.0,0.0,0.0,0.0,25.0,50.0,25.0,25.0,0.0,0.0,0.0,0.0,0.0,0.0,0.0,25.0,25.0,25.0,0.0,0.0,0.0,75.0,75.0,0.0,0.0,0.0,0.0,0.0,0.0,0.0,0.0,0.0,0.0,1
952241792497344512,2018-01-13 18:11:49,,,"[[-178.443593, 18.86546], [-178.443593, 28.517269], [-154.755792, 28.517269], [-154.755792, 18.86546]]",Hawaii,0,Twitter for Android,Just got a ballistic missile alert heading to Hawaii and to seek shelter.... Loud horn on the island...,,13552,292,0,1494122563,3,"Houston, TX",Mike Padilla,padillastweets,14235,18,99.0,50.0,4.97,25.77,9.0,22.22,55.56,38.89,0.0,0.0,0.0,0.0,0.0,0.0,0.0,0.0,11.11,16.67,0.0,5.56,5.56,0.0,11.11,0.0,0.0,0.0,0.0,0.0,0.0,0.0,0.0,0.0,0.0,0.0,0.0,0.0,0.0,0.0,0.0,0.0,0.0,0.0,0.0,0.0,0.0,0.0,5.56,0.0,5.56,0.0,0.0,0.0,0.0,0.0,0.0,5.56,0.0,0.0,0.0,5.56,0.0,5.56,0.0,5.56,11.11,5.56,5.56,0.0,0.0,0.0,0.0,0.0,0.0,0.0,0.0,0.0,0.0,0.0,0.0,0.0,38.89,38.89,0.0,0.0,0.0,0.0,0.0,0.0,0.0,0.0,0.0,0.0,1
952242805702737920,2018-01-13 18:15:51,,,"[[-117.565226, 47.5742], [-117.565226, 47.760676], [-117.303868, 47.760676], [-117.303868, 47.5742]]",Spokane,0,Twitter for iPhone,@rockynrobyn37 Stay safe Robyn Brandon just sent us that,"A man who is constantly striving to be a better Husband, Father, Son, Brother, Co-worker and Friend. Living that brewery life one small town at a time",9634,381,0,2771655533,31,North West Coast ,John Zagajeski,JZagajeski,3427,9,17.96,99.0,58.07,99.0,9.0,22.22,66.67,33.33,22.22,11.11,0.0,11.11,0.0,0.0,0.0,11.11,0.0,0.0,0.0,11.11,0.0,0.0,22.22,11.11,0.0,0.0,0.0,0.0,11.11,11.11,0.0,0.0,0.0,0.0,22.22,0.0,0.0,0.0,0.0,0.0,0.0,0.0,0.0,0.0,0.0,0.0,0.0,0.0,0.0,0.0,0.0,0.0,0.0,0.0,0.0,22.22,11.11,0.0,0.0,0.0,11.11,11.11,11.11,0.0,22.22,22.22,11.11,0.0,0.0,0.0,0.0,0.0,0.0,0.0,0.0,0.0,0.0,0.0,0.0,0.0,11.11,0.0,0.0,0.0,0.0,0.0,0.0,0.0,0.0,0.0,0.0,11.11,1
952242832999292929,2018-01-13 18:15:57,,,"[[-178.443593, 18.86546], [-178.443593, 28.517269], [-154.755792, 28.517269], [-154.755792, 18.86546]]",Hawaii,1,Twitter Web Client,"In Hawaii, we just got a ballistic Missile alert. Not a drill!!!","Director / Owner FPG Animal Sanctuary Hawaii @FPGSanctuary ðï¸Radio & Web Entertainer, Producer  https://www.facebook.com/NelsonSullivanNYC/",30324,771,0,889597688521539584,2,"Hilo, HI",ðï¸Kenn Andersenðï¸,Kenn_Andersen,6811,12,92.84,50.0,23.51,25.77,6.0,16.67,58.33,50.0,8.33,8.33,0.0,8.33,0.0,0.0,0.0,0.0,16.67,8.33,0.0,8.33,0.0,8.33,8.33,0.0,0.0,0.0,0.0,0.0,0.0,0.0,0.0,0.0,0.0,0.0,8.33,0.0,0.0,0.0,0.0,8.33,0.0,0.0,0.0,0.0,0.0,8.33,0.0,0.0,0.0,0.0,0.0,0.0,0.0,0.0,0.0,16.67,8.33,0.0,0.0,8.33,0.0,8.33,0.0,0.0,8.33,0.0,8.33,0.0,0.0,0.0,0.0,0.0,0.0,0.0,0.0,0.0,0.0,0.0,0.0,0.0,41.67,8.33,8.33,0.0,0.0,0.0,25.0,0.0,0.0,0.0,0.0,0.0,1
952242847247413249,2018-01-13 18:16:01,,,"[[-71.093301, 42.204294], [-71.093301, 42.307954], [-70.949379, 42.307954], [-70.949379, 42.204294]]",Quincy,0,Twitter for iPhone,@sarah_dunphy Ih my god stay safe please â¤ï¸â¤ï¸â¤ï¸,Avid nap taker.,7816,230,0,56150576,1,Massachusetts,Stephanie Reamer,StephanieR96,9391,8,71.61,10.58,74.76,99.0,8.0,0.0,62.5,12.5,12.5,12.5,12.5,0.0,0.0,0.0,0.0,0.0,0.0,0.0,0.0,0.0,0.0,0.0,12.5,12.5,0.0,0.0,0.0,0.0,25.0,25.0,0.0,0.0,0.0,0.0,0.0,0.0,0.0,0.0,0.0,0.0,0.0,0.0,0.0,0.0,0.0,0.0,0.0,0.0,0.0,0.0,0.0,0.0,0.0,0.0,0.0,25.0,0.0,0.0,12.5,0.0,12.5,0.0,12.5,0.0,12.5,12.5,12.5,0.0,0.0,0.0,0.0,0.0,12.5,0.0,0.0,0.0,0.0,0.0,0.0,0.0,25.0,0.0,0.0,0.0,0.0,0.0,0.0,0.0,0.0,0.0,0.0,25.0,1
952242859540959232,2018-01-13 18:16:04,,,"[[-98.361306, 29.53047], [-98.361306, 29.581166], [-98.318549, 29.581166], [-98.318549, 29.53047]]",Live Oak,0,Twitter for iPhone,Ballistic missile threat in Hawaii ?!?! All my NCOs just called me ...,Kazekage of NE San Antonio | Snapchatð»: Blacksby Martin | Instagram: _Thegreatblacksby,50566,1952,0,363477676,15,San Antonio âï¸ Hawaii ,Wakanda Blackðð¾ââï¸,SA_Trackstar,152209,11,56.58,18.16,85.21,1.0,5.5,18.18,63.64,36.36,18.18,18.18,18.18,0.0,0.0,0.0,0.0,0.0,0.0,9.09,0.0,9.09,0.0,0.0,9.09,0.0,0.0,0.0,0.0,9.09,9.09,0.0,9.09,9.09,9.09,0.0,9.09,0.0,0.0,0.0,0.0,9.09,0.0,0.0,0.0,0.0,9.09,0.0,0.0,0.0,0.0,0.0,0.0,0.0,0.0,0.0,0.0,9.09,0.0,0.0,9.09,0.0,9.09,9.09,0.0,0.0,9.09,0.0,9.09,0.0,0.0,0.0,0.0,0.0,0.0,0.0,0.0,0.0,0.0,0.0,0.0,0.0,63.64,27.27,0.0,0.0,0.0,18.18,18.18,0.0,0.0,0.0,0.0,0.0,1
952242907943026688,2018-01-13 18:16:15,,,"[[-178.443593, 18.86546], [-178.443593, 28.517269], [-154.755792, 28.517269], [-154.755792, 18.86546]]",Hawaii,0,Twitter for iPhone,@MaddowBlog Iâm on vacation in Hawaii and we just got an incoming ballistic missile warningâ not a drill. Any word on whatâs going on?,"I want America to be sane again. Doing my part to resist the corrupt, racist GOP agenda. âHe who shall not be namedâ & his cronies needs to go âASAP.",2776,50,0,61817981,1,,Micki,mich614,1038,24,80.75,33.83,91.31,1.0,12.0,25.0,70.83,50.0,12.5,8.33,4.17,4.17,0.0,0.0,0.0,4.17,8.33,16.67,8.33,4.17,4.17,4.17,16.67,0.0,0.0,4.17,0.0,4.17,4.17,0.0,4.17,0.0,0.0,0.0,4.17,0.0,0.0,0.0,0.0,8.33,0.0,0.0,0.0,4.17,0.0,4.17,0.0,0.0,0.0,0.0,0.0,0.0,0.0,0.0,0.0,12.5,4.17,0.0,0.0,4.17,4.17,4.17,8.33,4.17,20.83,4.17,16.67,0.0,0.0,4.17,0.0,0.0,0.0,0.0,0.0,0.0,0.0,0.0,0.0,0.0,20.83,4.17,0.0,0.0,0.0,4.17,0.0,0.0,0.0,8.33,0.0,4.17,1
952242913244741632,2018-01-13 18:16:16,,,"[[-71.456408, 42.018277], [-71.456408, 42.139469], [-71.359085, 42.139469], [-71.359085, 42.018277]]",Franklin,3,Twitter for Android,"People are getting emergency alerts on smartphones saying there's a ballistic missile threat for Hawaii, to take shâ¦ https://t.co/iq1SfYu2vL","Tweeting at the intersection of parenting and politics. Former award-winning journalist, current PR guy, perpetual Boston sports fanatic.",3267,10664,0,32531887,531,Massachusetts,Daddy Files | #Resist,DaddyFiles,43762,23,96.18,80.77,1.0,1.0,23.0,26.09,52.17,26.09,0.0,0.0,0.0,0.0,0.0,0.0,0.0,0.0,4.35,13.04,8.7,4.35,0.0,0.0,21.74,0.0,0.0,0.0,0.0,0.0,4.35,0.0,4.35,4.35,4.35,0.0,8.7,0.0,0.0,0.0,0.0,0.0,0.0,0.0,0.0,0.0,0.0,0.0,4.35,0.0,4.35,0.0,0.0,0.0,0.0,0.0,0.0,13.04,0.0,0.0,4.35,8.7,4.35,0.0,13.04,0.0,4.35,0.0,4.35,0.0,0.0,0.0,0.0,0.0,0.0,0.0,4.35,0.0,4.35,0.0,0.0,0.0,26.09,8.7,4.35,0.0,0.0,0.0,0.0,0.0,0.0,4.35,0.0,8.7,1
952242953711423488,2018-01-13 18:16:26,,,"[[-96.977527, 32.620678], [-96.977527, 33.019039], [-96.54598, 33.019039], [-96.54598, 32.620678]]",Dallas,0,Twitter for iPhone,My parents are in Maui and said they just got an alert about an incoming ballistic missile. Please pray this is notâ¦ https://t.co/RGKIaUuuUw,Psalm 111:10,192,155,0,373749303,3,"Dallas, TX",David Eseke,DavidEseke,1458,27,55.62,50.0,4.97,88.52,13.5,18.52,66.67,44.44,11.11,7.41,3.7,0.0,0.0,0.0,3.7,3.7,7.41,7.41,7.41,7.41,3.7,3.7,18.52,0.0,0.0,0.0,0.0,0.0,3.7,3.7,0.0,0.0,0.0,0.0,11.11,3.7,0.0,0.0,0.0,3.7,0.0,0.0,0.0,0.0,0.0,3.7,3.7,0.0,3.7,0.0,0.0,0.0,0.0,0.0,0.0,7.41,3.7,0.0,0.0,3.7,0.0,7.41,7.41,3.7,3.7,0.0,3.7,0.0,0.0,0.0,0.0,0.0,3.7,0.0,3.7,0.0,3.7,0.0,0.0,0.0,18.52,11.11,0.0,0.0,0.0,0.0,0.0,0.0,0.0,0.0,0.0,7.41,1
952243045667426306,2018-01-13 18:16:48,,,"[[-77.467661, 39.341113], [-77.467661, 39.403823], [-77.388726, 39.403823], [-77.388726, 39.341113]]",Ballenger Creek,0,Twitter for iPhone,Is it safe to leave butter unrefrigerated?Â  https://t.co/PEyLEIX9ME @yidboy,,1617,82,0,99177146,7,,Mrs. Yidboy,ThatMommyLady,4387,13,82.0,50.0,1.4,99.0,6.5,15.38,53.85,23.08,7.69,0.0,0.0,0.0,0.0,0.0,0.0,7.69,0.0,7.69,7.69,0.0,0.0,0.0,15.38,7.69,0.0,0.0,0.0,0.0,7.69,7.69,0.0,0.0,0.0,0.0,0.0,0.0,0.0,0.0,0.0,0.0,0.0,0.0,0.0,0.0,0.0,0.0,7.69,0.0,0.0,0.0,7.69,0.0,0.0,0.0,7.69,7.69,0.0,0.0,0.0,0.0,7.69,0.0,15.38,0.0,7.69,7.69,0.0,0.0,0.0,0.0,0.0,0.0,0.0,0.0,7.69,0.0,7.69,0.0,0.0,0.0,38.46,7.69,0.0,0.0,0.0,7.69,0.0,0.0,0.0,0.0,0.0,23.08,1
952243071252484097,2018-01-13 18:16:54,,,"[[-118.37032, 34.14263], [-118.37032, 34.22169], [-118.27997, 34.22169], [-118.27997, 34.14263]]",Burbank,0,Twitter for iPhone,Stay safe Hawaii!!!!,ð¤ð½ ð  lets get nutty,3057,543,0,2468751266,1,"Burbank, CA",Kekoaokalani,EKanoho,4269,3,92.84,50.0,98.01,99.0,3.0,0.0,66.67,0.0,0.0,0.0,0.0,0.0,0.0,0.0,0.0,0.0,0.0,0.0,0.0,0.0,0.0,0.0,33.33,33.33,0.0,0.0,0.0,0.0,33.33,33.33,0.0,0.0,0.0,0.0,0.0,0.0,0.0,0.0,0.0,0.0,0.0,0.0,0.0,0.0,0.0,0.0,0.0,0.0,0.0,0.0,0.0,0.0,0.0,0.0,0.0,33.33,0.0,0.0,0.0,0.0,33.33,0.0,33.33,0.0,33.33,33.33,33.33,0.0,0.0,0.0,0.0,0.0,0.0,0.0,0.0,0.0,0.0,0.0,0.0,0.0,133.33,0.0,0.0,0.0,0.0,0.0,133.33,0.0,0.0,0.0,0.0,0.0,1
952243078055776256,2018-01-13 18:16:56,,,"[[-90.320516, 38.533193], [-90.320516, 38.774349], [-90.175132, 38.774349], [-90.175132, 38.533193]]",St Louis,0,Twitter for Android,IM READY TO DIE IM SAFE NOWHERE BUT I STILL DO HAVE HOPE IM FIGHTING FOR HUH WIRK RIGHT HERE IS EVIDENCE OF THAT FACT HUHâPOSTIVITYð,,1368,54,0,3028599467,6,,Demetrius Wilson,meechi_da1,161347,27,4.38,3.22,92.47,99.0,27.0,14.81,92.59,55.56,18.52,14.81,14.81,0.0,0.0,0.0,0.0,3.7,0.0,11.11,22.22,7.41,3.7,3.7,29.63,3.7,0.0,0.0,0.0,0.0,14.81,11.11,3.7,0.0,3.7,0.0,3.7,0.0,0.0,0.0,0.0,18.52,3.7,0.0,3.7,3.7,7.41,3.7,0.0,0.0,0.0,0.0,0.0,0.0,0.0,0.0,0.0,3.7,0.0,0.0,0.0,0.0,3.7,0.0,29.63,3.7,11.11,0.0,7.41,3.7,0.0,0.0,0.0,0.0,0.0,3.7,7.41,0.0,7.41,0.0,7.41,0.0,0.0,0.0,0.0,0.0,0.0,0.0,0.0,0.0,0.0,0.0,0.0,0.0,1
952243086842875904,2018-01-13 18:16:58,,,"[[-87.780869, 42.0032], [-87.780869, 42.065033], [-87.708543, 42.065033], [-87.708543, 42.0032]]",Skokie,0,Twitter for iPhone,This ballistic missile threat on Hawaii better be fake....,not even szn,19424,254,0,1574078142,4,Not St Louis,Noah,noahgreenberg8,2322,9,74.89,50.0,4.97,1.0,9.0,22.22,66.67,33.33,11.11,0.0,0.0,0.0,0.0,0.0,0.0,11.11,0.0,11.11,11.11,0.0,0.0,0.0,11.11,22.22,11.11,0.0,0.0,0.0,33.33,11.11,22.22,11.11,11.11,0.0,0.0,0.0,0.0,0.0,0.0,0.0,0.0,0.0,0.0,0.0,0.0,0.0,0.0,0.0,0.0,0.0,0.0,0.0,0.0,0.0,0.0,22.22,0.0,11.11,11.11,11.11,11.11,0.0,11.11,0.0,11.11,0.0,11.11,0.0,0.0,0.0,0.0,0.0,0.0,0.0,0.0,0.0,0.0,0.0,0.0,0.0,44.44,44.44,0.0,0.0,0.0,0.0,0.0,0.0,0.0,0.0,0.0,0.0,1
952243095529115648,2018-01-13 18:17:00,,,"[[-178.443593, 18.86546], [-178.443593, 28.517269], [-154.755792, 28.517269], [-154.755792, 18.86546]]",Hawaii,0,Twitter for iPhone,Goes to Hawaii once and there's a missile threat ....,"Reality is merely an illusion, albeit a very persistent one.",2317,156,0,72721287,0,,cassie iagatta,cassieiagatta,2248,9,74.89,50.0,58.07,1.0,9.0,11.11,77.78,44.44,0.0,0.0,0.0,0.0,0.0,0.0,0.0,0.0,11.11,11.11,11.11,11.11,11.11,0.0,22.22,0.0,0.0,0.0,11.11,0.0,11.11,0.0,11.11,11.11,11.11,0.0,0.0,0.0,0.0,0.0,0.0,0.0,0.0,0.0,0.0,0.0,0.0,0.0,0.0,0.0,0.0,0.0,0.0,0.0,0.0,0.0,0.0,11.11,0.0,0.0,11.11,0.0,11.11,0.0,22.22,0.0,22.22,11.11,0.0,11.11,0.0,0.0,0.0,0.0,0.0,0.0,0.0,0.0,0.0,0.0,0.0,0.0,55.56,44.44,0.0,0.0,0.0,0.0,0.0,0.0,0.0,11.11,0.0,0.0,1
952243101472579584,2018-01-13 18:17:01,,,"[[-73.338573, 41.117308], [-73.338573, 41.231989], [-73.21772, 41.231989], [-73.21772, 41.117308]]",Fairfield,0,Twitter for iPhone,With a lottery that big you NEVER âannounceâ it publicly. Him and his family have to stay safe. https://t.co/GM9fLPtiUn,"good at everything, great at nothing",528,28,0,884935051401723905,0,USA,Madeline Mabsoot,MadelineMabsoot,484,23,34.48,95.89,1.0,93.61,7.67,17.39,73.91,47.83,21.74,13.04,0.0,0.0,4.35,8.7,0.0,8.7,4.35,8.7,4.35,4.35,4.35,4.35,8.7,8.7,0.0,0.0,0.0,0.0,4.35,4.35,0.0,0.0,0.0,0.0,17.39,4.35,0.0,0.0,8.7,4.35,0.0,0.0,0.0,0.0,4.35,0.0,0.0,0.0,0.0,0.0,0.0,0.0,0.0,0.0,0.0,13.04,4.35,0.0,4.35,0.0,4.35,0.0,8.7,0.0,13.04,4.35,8.7,4.35,0.0,4.35,4.35,4.35,0.0,0.0,4.35,0.0,4.35,0.0,0.0,0.0,30.43,13.04,0.0,0.0,0.0,0.0,0.0,0.0,8.7,0.0,0.0,8.7,1
952243123777830912,2018-01-13 18:17:07,,,"[[-98.778559, 29.141956], [-98.778559, 29.693046], [-98.302744, 29.693046], [-98.302744, 29.141956]]",San Antonio,0,Twitter for iPhone,@MarKo2ten Wtf is that,"GOD FIRST, âï¸, MOTTO : EAT ð½",2587,201,0,797998029571760128,2,"San Antonio, TX",Antonio,TonyBoy210,7759,4,1.8,1.0,1.0,25.77,4.0,25.0,75.0,50.0,25.0,0.0,0.0,0.0,0.0,0.0,0.0,25.0,0.0,0.0,25.0,0.0,0.0,0.0,25.0,0.0,0.0,0.0,0.0,0.0,0.0,0.0,0.0,0.0,0.0,0.0,0.0,0.0,0.0,0.0,0.0,0.0,0.0,0.0,0.0,0.0,0.0,0.0,0.0,0.0,0.0,0.0,0.0,0.0,0.0,0.0,0.0,0.0,0.0,0.0,0.0,0.0,0.0,0.0,25.0,0.0,0.0,0.0,0.0,0.0,0.0,0.0,0.0,0.0,0.0,0.0,25.0,25.0,25.0,0.0,0.0,0.0,25.0,0.0,0.0,0.0,0.0,0.0,0.0,0.0,0.0,0.0,0.0,25.0,1
952243168254316544,2018-01-13 18:17:17,,Hawaii,"[[-71.145979, 42.604079], [-71.145979, 42.741253], [-71.03389, 42.741253], [-71.03389, 42.604079]]",North Andover,0,Twitter for iPhone,"So, all cellphones in #Hawaii just got a âballistic missle alertâ.  No news reports or sirens though. Hoping itâs a drill?",Consultant for Small & Family Businesses | Host of For the Pops Podcast | Entrepreneur | Looking for Aloha & Ohana Around the World |  http://www.ohanane.com,959,528,0,260366020,11,"Boston, MA",Jamie Jamitkowski,JamieJUCW,1223,21,28.22,7.67,2.82,95.81,7.0,14.29,66.67,42.86,4.76,0.0,0.0,0.0,0.0,0.0,0.0,4.76,9.52,4.76,4.76,14.29,14.29,4.76,14.29,0.0,0.0,0.0,0.0,4.76,4.76,4.76,0.0,0.0,0.0,0.0,0.0,0.0,0.0,0.0,0.0,19.05,0.0,0.0,4.76,9.52,4.76,9.52,4.76,0.0,4.76,0.0,0.0,0.0,0.0,0.0,0.0,4.76,0.0,0.0,0.0,4.76,0.0,4.76,4.76,4.76,4.76,0.0,4.76,0.0,4.76,0.0,0.0,0.0,0.0,0.0,0.0,0.0,0.0,0.0,0.0,0.0,38.1,9.52,4.76,0.0,0.0,4.76,0.0,0.0,9.52,4.76,0.0,4.76,1
952243193034301440,2018-01-13 18:17:23,,,"[[-75.32233, 39.990009], [-75.32233, 40.018207], [-75.273474, 40.018207], [-75.273474, 39.990009]]",Ardmore,0,Tweetbot for Mac,@PJTobia my sister is in Hawaii and just sent me a text saying something about a ballistic missile and they are beiâ¦ https://t.co/lOGoa3qW1d,,4635,120,0,15953029,3,"ardmore, pa",Blair Bendler,blairbendler,1825,27,45.11,77.05,15.12,25.77,27.0,18.52,62.96,48.15,14.81,11.11,7.41,0.0,0.0,0.0,3.7,3.7,7.41,7.41,7.41,7.41,7.41,0.0,14.81,0.0,0.0,0.0,0.0,0.0,0.0,0.0,0.0,0.0,0.0,0.0,14.81,3.7,0.0,3.7,0.0,3.7,0.0,0.0,0.0,3.7,0.0,0.0,3.7,0.0,3.7,0.0,0.0,0.0,0.0,0.0,0.0,3.7,3.7,0.0,0.0,0.0,0.0,3.7,7.41,0.0,7.41,3.7,3.7,0.0,0.0,0.0,0.0,0.0,0.0,0.0,3.7,0.0,3.7,0.0,0.0,0.0,18.52,7.41,0.0,0.0,0.0,0.0,0.0,0.0,0.0,0.0,0.0,11.11,1
952243200470671360,2018-01-13 18:17:25,,,"[[-178.443593, 18.86546], [-178.443593, 28.517269], [-154.755792, 28.517269], [-154.755792, 18.86546]]",Hawaii,1,Twitter for Android,All of our phones are getting alerts of a ballistic missile threat here in Hawaii. Why is this not being reported? @CNN,"Music Enthusiast, Plaid Shirt Dude, Games/Tech Fan etc. Â· Writer Â· #UNT19 PR Major",26835,300,0,75903081,8,"Dallas/Fort Worth, Texas",Preston Diaz,Preston_Diaz,25462,22,56.58,67.52,2.4,1.0,7.33,18.18,77.27,54.55,9.09,4.55,0.0,4.55,0.0,0.0,0.0,4.55,4.55,13.64,13.64,9.09,0.0,4.55,18.18,0.0,0.0,4.55,0.0,4.55,4.55,0.0,4.55,4.55,4.55,0.0,9.09,0.0,0.0,0.0,0.0,13.64,0.0,4.55,0.0,0.0,4.55,4.55,4.55,0.0,4.55,0.0,0.0,0.0,0.0,0.0,0.0,13.64,4.55,0.0,4.55,4.55,4.55,0.0,9.09,0.0,4.55,0.0,4.55,0.0,4.55,0.0,0.0,0.0,0.0,0.0,0.0,0.0,0.0,0.0,0.0,0.0,13.64,4.55,0.0,0.0,0.0,4.55,0.0,0.0,0.0,0.0,0.0,4.55,1
952243217302396928,2018-01-13 18:17:29,,,"[[-121.956864, 37.621859], [-121.956864, 37.704036], [-121.798606, 37.704036], [-121.798606, 37.621859]]",Pleasanton,0,Twitter for Android,So... What the hell is going on with this missile shit!?! This world sucks,"Fan Of The Anaheim Angels, San Jose Sharks, San Francisco Giants, San Francisco 49ers, Golden State Warriors, Utah Jazz & The University of Utah Utes.",14088,425,0,775368706809401344,15,San Francisco Bay Area,East Bay Ute,DaveWilbur31,18672,14,47.35,1.67,52.86,1.0,4.67,7.14,92.86,57.14,21.43,0.0,0.0,0.0,0.0,0.0,0.0,21.43,7.14,14.29,7.14,7.14,7.14,0.0,21.43,0.0,0.0,7.14,0.0,0.0,21.43,0.0,21.43,0.0,21.43,0.0,0.0,0.0,0.0,0.0,0.0,0.0,0.0,0.0,0.0,0.0,0.0,0.0,0.0,0.0,0.0,0.0,7.14,7.14,0.0,0.0,0.0,0.0,0.0,0.0,0.0,0.0,0.0,0.0,14.29,7.14,21.43,7.14,14.29,0.0,0.0,0.0,0.0,0.0,7.14,0.0,21.43,21.43,0.0,0.0,0.0,0.0,42.86,21.43,0.0,0.0,0.0,7.14,14.29,0.0,0.0,0.0,0.0,0.0,1
952243340195622912,2018-01-13 18:17:58,,,"[[-77.144435, 38.789907], [-77.144435, 38.844853], [-77.037304, 38.844853], [-77.037304, 38.789907]]",Alexandria,0,Twitter for Android,Missle threat for Hawaii?!?,Communications + Content + Commerce at the intersection of Politics + Policy + Profits for Entrepreneurs and Thought Leaders || @the_brigadoon + @caracalglobal,10526,3315,0,18789002,209,"Washington, DC + Detroit, MI",Marc A. Ross,marcaross,62427,4,99.0,50.0,1.0,1.0,4.0,0.0,50.0,25.0,0.0,0.0,0.0,0.0,0.0,0.0,0.0,0.0,0.0,25.0,0.0,0.0,0.0,0.0,0.0,0.0,0.0,0.0,0.0,0.0,25.0,0.0,25.0,25.0,25.0,0.0,0.0,0.0,0.0,0.0,0.0,0.0,0.0,0.0,0.0,0.0,0.0,0.0,0.0,0.0,0.0,0.0,0.0,0.0,0.0,0.0,0.0,25.0,0.0,0.0,25.0,0.0,25.0,0.0,0.0,0.0,0.0,0.0,0.0,0.0,0.0,0.0,0.0,0.0,0.0,0.0,0.0,0.0,0.0,0.0,0.0,0.0,75.0,0.0,0.0,0.0,0.0,50.0,25.0,0.0,0.0,0.0,0.0,0.0,1
952243369593442304,2018-01-13 18:18:05,,,"[[-86.505805, 35.751433], [-86.505805, 35.943407], [-86.313415, 35.943407], [-86.313415, 35.751433]]",Murfreesboro,0,Twitter for iPhone,@L_Bailey67 I see what you mean. Would have thrown more picks? Iâm sure but Fromm got babied in my opinion. Safe thâ¦ https://t.co/8ZQ3H5YIIG,Dawgs,4490,197,0,3000457260,1,TN,.,churst_,7629,30,32.98,25.24,43.37,99.0,7.5,6.67,63.33,30.0,16.67,13.33,10.0,0.0,3.33,0.0,0.0,3.33,0.0,3.33,10.0,0.0,3.33,0.0,26.67,10.0,3.33,3.33,0.0,3.33,6.67,6.67,0.0,0.0,0.0,0.0,3.33,0.0,0.0,0.0,0.0,20.0,3.33,3.33,3.33,3.33,3.33,3.33,3.33,3.33,0.0,0.0,0.0,0.0,0.0,0.0,0.0,6.67,0.0,0.0,0.0,3.33,3.33,6.67,16.67,0.0,6.67,3.33,3.33,0.0,0.0,0.0,0.0,0.0,0.0,0.0,3.33,0.0,3.33,0.0,0.0,0.0,33.33,13.33,0.0,0.0,0.0,3.33,0.0,0.0,0.0,3.33,0.0,13.33,1
952243387230572546,2018-01-13 18:18:09,,,"[[-83.907917, 40.455035], [-83.907917, 40.502132], [-83.852035, 40.502132], [-83.852035, 40.455035]]",Russells Point,0,Twitter for iPhone,Letâs hope Hawaii is under a precaution and not an actual missile launch.,@Browns fan. SC-Thuffrevamped. Indian Lake Grad.,34811,971,0,2500206224,27,#StriveForGreatness ,Tyler Huffer,Huffer_24,66075,13,82.0,50.0,17.46,99.0,13.0,15.38,69.23,53.85,7.69,7.69,0.0,7.69,0.0,0.0,0.0,0.0,15.38,7.69,7.69,0.0,7.69,7.69,23.08,0.0,0.0,0.0,0.0,0.0,7.69,7.69,0.0,0.0,0.0,0.0,7.69,0.0,0.0,0.0,0.0,23.08,0.0,7.69,7.69,7.69,0.0,7.69,0.0,0.0,0.0,0.0,0.0,0.0,0.0,0.0,0.0,15.38,7.69,0.0,7.69,0.0,0.0,0.0,23.08,7.69,15.38,7.69,7.69,0.0,0.0,0.0,0.0,0.0,0.0,0.0,0.0,0.0,0.0,0.0,0.0,0.0,15.38,7.69,0.0,0.0,0.0,0.0,0.0,0.0,0.0,7.69,0.0,0.0,1
952243440842133504,2018-01-13 18:18:22,,,"[[-83.703195, 41.503612], [-83.703195, 41.601441], [-83.507239, 41.601441], [-83.507239, 41.503612]]",Perrysburg,0,Twitter for iPhone,Portlandia is such a fuckin great show wtf ð,"all the colors in one, at full brightness..",7700,801,0,790030573,4,The Dark Side,Ashleighhhð¤,LeighhhAsh,6165,8,71.61,1.0,1.0,25.77,8.0,12.5,87.5,37.5,0.0,0.0,0.0,0.0,0.0,0.0,0.0,0.0,12.5,0.0,12.5,12.5,0.0,0.0,12.5,25.0,0.0,0.0,0.0,0.0,25.0,12.5,12.5,0.0,12.5,0.0,0.0,0.0,0.0,0.0,0.0,0.0,0.0,0.0,0.0,0.0,0.0,0.0,12.5,12.5,0.0,0.0,12.5,0.0,0.0,12.5,0.0,12.5,0.0,0.0,0.0,12.5,0.0,0.0,12.5,0.0,0.0,0.0,0.0,0.0,0.0,0.0,0.0,0.0,0.0,0.0,25.0,25.0,12.5,0.0,0.0,0.0,0.0,0.0,0.0,0.0,0.0,0.0,0.0,0.0,0.0,0.0,0.0,0.0,1
952243481803743232,2018-01-13 18:18:32,,,"[[-88.089723, 41.8152], [-88.089723, 41.903992], [-88.027005, 41.903992], [-88.027005, 41.8152]]",Glen Ellyn,1,Twitter for iPhone,When some people talk all I think is wtf,do ya like bass in ya muthafuckin face? ð½ð® | chicago â¨,3603,630,0,227898503,6,area 51,âÎ¹Î·dsð,lindsaycnnbs,9873,9,4.38,50.0,98.01,25.77,9.0,0.0,100.0,33.33,11.11,11.11,11.11,0.0,0.0,0.0,0.0,0.0,0.0,0.0,11.11,11.11,11.11,0.0,22.22,0.0,0.0,11.11,0.0,22.22,0.0,0.0,0.0,0.0,0.0,0.0,22.22,0.0,0.0,0.0,0.0,33.33,11.11,0.0,0.0,11.11,11.11,0.0,0.0,0.0,0.0,0.0,0.0,0.0,0.0,0.0,0.0,0.0,0.0,0.0,0.0,0.0,0.0,0.0,33.33,0.0,11.11,0.0,0.0,11.11,0.0,0.0,0.0,0.0,0.0,0.0,11.11,11.11,11.11,0.0,0.0,0.0,0.0,0.0,0.0,0.0,0.0,0.0,0.0,0.0,0.0,0.0,0.0,0.0,1
952243486773915648,2018-01-13 18:18:33,,,"[[-95.774704, 35.995476], [-95.774704, 40.613641], [-89.098843, 40.613641], [-89.098843, 35.995476]]",Missouri,5,Twitter for iPhone,Whatâs going on with these messages in Hawaii and an intercontinental ballistic missle threat? @CNN @MSNBC @NBCNews,"Inspired educator, daughter, sister, auntie--love my family&travel! Teach at @pipkinR12 @ibmyp 2011-2012 @officialsps Teacher of the Year ð«",2732,772,0,34456542,34,"Springfield, MO ",Julia Armstrong,juliararmstrong,9011,17,92.84,72.17,28.81,1.0,8.5,23.53,58.82,41.18,11.76,0.0,0.0,0.0,0.0,0.0,0.0,11.76,5.88,17.65,5.88,0.0,5.88,0.0,11.76,0.0,0.0,5.88,0.0,0.0,5.88,0.0,5.88,5.88,5.88,0.0,5.88,0.0,0.0,0.0,0.0,0.0,0.0,0.0,0.0,0.0,0.0,0.0,0.0,0.0,0.0,0.0,0.0,0.0,0.0,0.0,0.0,11.76,5.88,0.0,5.88,0.0,5.88,0.0,5.88,5.88,17.65,5.88,11.76,0.0,0.0,0.0,0.0,0.0,0.0,0.0,0.0,0.0,0.0,0.0,0.0,0.0,29.41,0.0,0.0,0.0,0.0,5.88,0.0,0.0,0.0,5.88,0.0,17.65,1
952243515727273985,2018-01-13 18:18:40,,,"[[-90.491849, 38.639901], [-90.491849, 38.696309], [-90.392072, 38.696309], [-90.392072, 38.639901]]",Creve Coeur,0,Twitter for iPhone,"@MsIndiaCharlese @nyguap Iâm told wtf wrong with you!!! In disbelief, he says â Iâm not going to chase you hoe, l câ¦ https://t.co/pphTJixci6",Believer of the Universe ð« l feel vibes & see auras! Combination of Fabulousð§ð¾ââï¸ & Mystical â¨Twitter is entertainment for me!25+ #AstrologyNerd #LeoMoonð¦,4903,554,0,2385492523,2,Show Me State (Mo) ,Kay-KaySweet ð°,CapturingSpirit,4067,26,53.63,64.99,17.46,1.0,13.0,11.54,61.54,34.62,19.23,19.23,7.69,0.0,7.69,3.85,0.0,0.0,0.0,11.54,7.69,0.0,0.0,3.85,19.23,3.85,0.0,0.0,0.0,0.0,3.85,0.0,3.85,0.0,0.0,0.0,19.23,0.0,0.0,0.0,3.85,3.85,0.0,0.0,0.0,0.0,0.0,3.85,3.85,0.0,3.85,0.0,0.0,0.0,0.0,0.0,0.0,3.85,0.0,0.0,0.0,0.0,3.85,3.85,11.54,3.85,7.69,3.85,3.85,0.0,0.0,0.0,0.0,0.0,0.0,0.0,11.54,7.69,7.69,0.0,0.0,0.0,53.85,7.69,7.69,0.0,0.0,0.0,11.54,0.0,3.85,7.69,0.0,15.38,1
952243529476198400,2018-01-13 18:18:43,,,"[[-84.556535, 34.074044], [-84.556535, 34.147508], [-84.449598, 34.147508], [-84.449598, 34.074044]]",Woodstock,0,Twitter for iPhone,"@RealJamesWoods Really Bill, r we being punked wtf","Independent yogi who is stretching more toward the right these days, ðºð¸âï¸yes yogis can shoot. Don't put me in a mold, I'm not jello. No shoes allowed, Namaste",28493,2313,0,3301846597,2,"NorthEast gal in Ga, USA",AnnaStavenð½,ASostilio,7564,8,11.24,50.0,7.84,25.77,8.0,12.5,75.0,37.5,12.5,12.5,0.0,12.5,0.0,0.0,0.0,0.0,0.0,0.0,12.5,12.5,0.0,0.0,12.5,0.0,0.0,0.0,0.0,0.0,0.0,0.0,0.0,0.0,0.0,0.0,12.5,0.0,0.0,0.0,0.0,12.5,0.0,0.0,0.0,0.0,0.0,12.5,0.0,0.0,0.0,0.0,0.0,0.0,0.0,0.0,0.0,12.5,12.5,0.0,0.0,0.0,0.0,0.0,0.0,0.0,0.0,0.0,0.0,0.0,0.0,0.0,0.0,12.5,0.0,0.0,25.0,12.5,25.0,0.0,0.0,0.0,25.0,0.0,12.5,0.0,0.0,0.0,0.0,0.0,0.0,0.0,0.0,12.5,1
952243553924669440,2018-01-13 18:18:49,,Hawaii,"[[-178.443593, 18.86546], [-178.443593, 28.517269], [-154.755792, 28.517269], [-154.755792, 18.86546]]",Hawaii,0,Twitter for iPhone,Stay safe everyone #Hawaii https://t.co/H3OIeNjn1o,YouTuber from Hawaii | Singer/Rapper | Songwriter | Musician | Actor | Entertainer | Powerlifter -- Snapchat: jakellaguno Instagram:@JakeLlaguno âï¸,1842,157,0,3222720818,18,"Hawaii, USA",Jake Llaguno,JakeLlaguno,1585,9,74.89,86.68,4.97,99.0,9.0,22.22,44.44,11.11,11.11,0.0,0.0,0.0,0.0,0.0,0.0,11.11,0.0,0.0,0.0,0.0,0.0,0.0,11.11,11.11,0.0,0.0,0.0,0.0,11.11,11.11,0.0,0.0,0.0,0.0,11.11,0.0,0.0,0.0,0.0,11.11,0.0,0.0,0.0,0.0,11.11,0.0,0.0,0.0,0.0,0.0,0.0,0.0,0.0,0.0,0.0,11.11,0.0,0.0,0.0,0.0,11.11,0.0,11.11,0.0,11.11,11.11,11.11,0.0,0.0,0.0,0.0,0.0,0.0,0.0,11.11,0.0,11.11,0.0,0.0,0.0,44.44,11.11,0.0,0.0,0.0,0.0,0.0,0.0,0.0,0.0,0.0,33.33,1
952243572325146624,2018-01-13 18:18:54,,,"[[-77.119401, 38.801826], [-77.119401, 38.99538], [-76.909396, 38.99538], [-76.909396, 38.801826]]",Washington,0,Twitter for iPhone,Friend from Hawaii shared an emergency alert apparently going around the islands: âBallistic missile threat inboundâ¦ https://t.co/8USNbq1ph8,"financial regulation reporter for @spgmarketintel. @syracuseu alum, former Fed analyst. opinions = mine, RTs â  endorsements. email me: brian.cheung@spglobal.com",1708,1033,0,366744934,33,"Washington, D.C.",Brian Cheung,bcheungz,9792,23,98.12,80.77,2.02,25.77,23.0,26.09,43.48,21.74,0.0,0.0,0.0,0.0,0.0,0.0,0.0,0.0,8.7,8.7,0.0,8.7,0.0,0.0,8.7,0.0,0.0,0.0,4.35,0.0,8.7,4.35,4.35,4.35,4.35,0.0,8.7,0.0,4.35,0.0,0.0,4.35,0.0,0.0,0.0,4.35,0.0,0.0,0.0,0.0,0.0,0.0,0.0,0.0,0.0,0.0,0.0,13.04,8.7,0.0,4.35,0.0,4.35,4.35,0.0,4.35,8.7,4.35,4.35,0.0,0.0,0.0,0.0,0.0,0.0,0.0,4.35,0.0,4.35,0.0,0.0,0.0,26.09,8.7,0.0,4.35,0.0,0.0,0.0,0.0,4.35,0.0,0.0,8.7,1
952243626595307522,2018-01-13 18:19:07,,,"[[-87.634643, 24.396308], [-87.634643, 31.001056], [-79.974307, 31.001056], [-79.974307, 24.396308]]",Florida,0,Twitter for iPhone,@nailogical wtf girl are you making shatter????ð¬ð¨ð https://t.co/K6GfgSRwmL,,13552,940,0,3366626751,6,,ðÑÄ±ÑÑÑa ÊaÏÑÑnð,arreisnerual,8382,12,60.8,95.2,1.0,25.77,6.0,25.0,50.0,16.67,8.33,8.33,0.0,0.0,8.33,0.0,0.0,0.0,0.0,0.0,8.33,0.0,0.0,0.0,16.67,0.0,0.0,0.0,0.0,0.0,0.0,0.0,0.0,0.0,0.0,0.0,16.67,0.0,0.0,8.33,0.0,8.33,0.0,8.33,0.0,0.0,0.0,0.0,0.0,0.0,0.0,0.0,0.0,0.0,0.0,0.0,0.0,0.0,0.0,0.0,0.0,0.0,0.0,0.0,8.33,0.0,0.0,0.0,0.0,0.0,0.0,0.0,0.0,0.0,0.0,0.0,16.67,8.33,16.67,0.0,0.0,0.0,66.67,8.33,0.0,0.0,0.0,33.33,0.0,0.0,0.0,0.0,0.0,25.0,1
952243629912829958,2018-01-13 18:19:07,,Hawaii,"[[-122.904513, 45.466363], [-122.904513, 45.516305], [-122.839114, 45.516305], [-122.839114, 45.466363]]",Aloha,0,Twitter for Android,Anyone in #Hawaii that can confirm the missile warning?,New father and husband to the two most amazing people!  I'll play baseball until I can't anymore and then I'll golf.,13452,386,0,288378513,15,"Beaverton, OR",The voice in Conor Lamb's head,ChrisLarkinPDX,21362,9,74.89,86.68,4.97,1.0,9.0,33.33,66.67,55.56,22.22,0.0,0.0,0.0,0.0,0.0,0.0,22.22,11.11,11.11,11.11,0.0,0.0,0.0,0.0,0.0,0.0,0.0,0.0,0.0,11.11,0.0,11.11,0.0,0.0,0.0,11.11,0.0,0.0,0.0,0.0,11.11,0.0,0.0,0.0,11.11,0.0,0.0,0.0,0.0,0.0,0.0,0.0,0.0,0.0,0.0,0.0,11.11,0.0,0.0,0.0,0.0,11.11,0.0,11.11,0.0,11.11,0.0,11.11,0.0,0.0,0.0,0.0,0.0,0.0,0.0,0.0,0.0,0.0,0.0,0.0,0.0,22.22,0.0,0.0,0.0,0.0,11.11,0.0,0.0,0.0,0.0,0.0,11.11,1
952243654441103360,2018-01-13 18:19:13,,,"[[-111.894548, 33.306275], [-111.894548, 33.505234], [-111.580583, 33.505234], [-111.580583, 33.306275]]",Mesa,0,Twitter for Android,Wtf is going on in Hawaii?,angry optimist. antisocial public speaker. feminist technologist.,4261,1591,0,185797545,150,Phoenix AZ,cat swetel,CatSwetel,25543,6,99.0,4.8,99.0,25.77,6.0,0.0,83.33,50.0,0.0,0.0,0.0,0.0,0.0,0.0,0.0,0.0,0.0,33.33,16.67,0.0,0.0,0.0,33.33,0.0,0.0,0.0,0.0,0.0,0.0,0.0,0.0,0.0,0.0,0.0,0.0,0.0,0.0,0.0,0.0,0.0,0.0,0.0,0.0,0.0,0.0,0.0,0.0,0.0,0.0,0.0,0.0,0.0,0.0,0.0,0.0,0.0,0.0,0.0,0.0,0.0,0.0,0.0,16.67,16.67,50.0,16.67,33.33,0.0,0.0,0.0,0.0,0.0,0.0,0.0,16.67,16.67,16.67,0.0,0.0,0.0,16.67,0.0,0.0,0.0,0.0,16.67,0.0,0.0,0.0,0.0,0.0,0.0,1
952243668315877376,2018-01-13 18:19:17,,,"[[-114.818269, 31.332246], [-114.818269, 37.004261], [-109.045153, 37.004261], [-109.045153, 31.332246]]",Arizona,0,Twitter for iPhone,@bocavista2016 @realDonaldTrump God Bless America we must stand up for all our people! Until one is safe they cantâ¦ https://t.co/DLMRc2PaxX,"retired loves gardening use or lose policy on the earth, Library patron, CALL ME A BOT you are blocked I prefer higher intelligence",49939,1145,0,860624581,8,,gwena,2015gardener,29911,24,60.8,95.2,1.79,99.0,12.0,16.67,66.67,37.5,12.5,12.5,0.0,8.33,0.0,0.0,4.17,0.0,0.0,12.5,8.33,0.0,4.17,4.17,8.33,4.17,0.0,0.0,4.17,4.17,8.33,8.33,0.0,0.0,0.0,0.0,16.67,0.0,0.0,0.0,0.0,12.5,0.0,0.0,4.17,0.0,8.33,4.17,0.0,0.0,0.0,0.0,0.0,0.0,0.0,0.0,0.0,20.83,8.33,0.0,8.33,0.0,4.17,0.0,8.33,0.0,8.33,0.0,4.17,4.17,0.0,0.0,0.0,0.0,8.33,0.0,4.17,0.0,4.17,0.0,0.0,0.0,29.17,8.33,0.0,0.0,0.0,0.0,4.17,0.0,0.0,0.0,0.0,16.67,1
952243670878597120,2018-01-13 18:19:17,"37.939153, -107.816317",coolskiposters,"[[-109.060257, 36.992427], [-109.060257, 41.003445], [-102.041524, 41.003445], [-102.041524, 36.992427]]",Colorado,0,Instagram,Telluride Ski Patrol Keep it safe out there! https://t.co/xEvajtSjB5 #coolskipostersâ¦ https://t.co/am2cuLz9oa,"Graphic Design, Illustration",7,25,0,577365983,2,"Montrose, CO",Steven Beutler,stevenbeutlers,248,19,86.18,50.0,1.0,97.58,9.5,21.05,42.11,15.79,5.26,0.0,0.0,0.0,0.0,0.0,0.0,5.26,0.0,5.26,0.0,5.26,0.0,0.0,10.53,5.26,0.0,0.0,0.0,0.0,5.26,5.26,0.0,0.0,0.0,0.0,0.0,0.0,0.0,0.0,0.0,0.0,0.0,0.0,0.0,0.0,0.0,0.0,0.0,0.0,0.0,0.0,0.0,0.0,0.0,0.0,0.0,5.26,0.0,0.0,0.0,0.0,5.26,0.0,5.26,0.0,5.26,0.0,5.26,0.0,0.0,5.26,0.0,0.0,0.0,0.0,10.53,0.0,10.53,0.0,0.0,0.0,47.37,15.79,0.0,0.0,0.0,0.0,5.26,0.0,0.0,0.0,0.0,26.32,1
952243700121456640,2018-01-13 18:19:24,,,"[[-91.720399, 43.998296], [-91.720399, 44.079083], [-91.552948, 44.079083], [-91.552948, 43.998296]]",Winona,0,Twitter for iPhone,Stay safe my Hawaii people ðð¼â¤ï¸,â¨Winona State University ð// Hawaii girl âï¸ MN living â¨,44504,600,0,2171171484,3,"âï¸Oahu, Hawaii âï¸ | Winona, MN",Larissa Kawahara,larissak808,8216,5,51.43,50.0,99.0,99.0,5.0,0.0,80.0,20.0,20.0,20.0,20.0,0.0,0.0,0.0,0.0,0.0,0.0,0.0,0.0,0.0,0.0,0.0,20.0,20.0,0.0,0.0,0.0,0.0,20.0,20.0,0.0,0.0,0.0,0.0,20.0,0.0,0.0,0.0,0.0,0.0,0.0,0.0,0.0,0.0,0.0,0.0,0.0,0.0,0.0,0.0,0.0,0.0,0.0,0.0,0.0,20.0,0.0,0.0,0.0,0.0,20.0,0.0,20.0,0.0,20.0,20.0,20.0,0.0,0.0,0.0,0.0,0.0,0.0,0.0,0.0,0.0,0.0,0.0,0.0,0.0,0.0,0.0,0.0,0.0,0.0,0.0,0.0,0.0,0.0,0.0,0.0,0.0,1
952243729338744832,2018-01-13 18:19:31,,,"[[-178.443593, 18.86546], [-178.443593, 28.517269], [-154.755792, 28.517269], [-154.755792, 18.86546]]",Hawaii,0,Twitter for iPhone,"Pray for us in Hawaii.. a missile coming ! This is all you, Donald Trump!",,5089,78,0,892993528111833089,0,"Hawaii, USA",Marla  Godfrey,godfrey_marla,533,14,83.0,99.0,13.15,25.77,4.67,7.14,71.43,50.0,21.43,14.29,0.0,7.14,7.14,0.0,0.0,7.14,7.14,14.29,7.14,0.0,0.0,0.0,21.43,0.0,0.0,0.0,0.0,7.14,0.0,0.0,0.0,0.0,0.0,0.0,14.29,0.0,0.0,0.0,0.0,7.14,0.0,0.0,0.0,0.0,7.14,0.0,0.0,0.0,0.0,0.0,0.0,0.0,0.0,0.0,0.0,7.14,7.14,0.0,0.0,0.0,0.0,0.0,7.14,14.29,14.29,7.14,7.14,0.0,0.0,0.0,0.0,0.0,7.14,0.0,0.0,0.0,0.0,0.0,0.0,0.0,35.71,14.29,7.14,0.0,0.0,0.0,14.29,0.0,0.0,0.0,0.0,0.0,1
952243737874202625,2018-01-13 18:19:33,,,"[[-123.343425, 44.527244], [-123.343425, 44.611247], [-123.215262, 44.611247], [-123.215262, 44.527244]]",Corvallis,1,Twitter for iPhone,Meanwhile thereâs a ballistic rocket headed to Hawaii and no one is reporting it. WTF.,"dad, husband, bar/restaurant owner, ordained minister, dj, beard enthusiast. not in any order.",2682,619,0,24910946,19,Corvegas,Mr. Cloud D.,mistercloudd,7484,15,17.96,9.13,10.08,25.77,7.5,20.0,80.0,53.33,6.67,0.0,0.0,0.0,0.0,0.0,0.0,6.67,6.67,6.67,13.33,13.33,6.67,6.67,13.33,0.0,0.0,0.0,6.67,0.0,0.0,0.0,0.0,0.0,0.0,0.0,0.0,0.0,0.0,0.0,0.0,0.0,0.0,0.0,0.0,0.0,0.0,0.0,0.0,0.0,0.0,0.0,0.0,0.0,0.0,0.0,0.0,0.0,0.0,0.0,0.0,0.0,0.0,0.0,13.33,0.0,13.33,6.67,0.0,6.67,6.67,0.0,0.0,0.0,0.0,0.0,6.67,6.67,6.67,0.0,0.0,0.0,20.0,13.33,0.0,0.0,0.0,0.0,0.0,0.0,0.0,6.67,0.0,0.0,1
952243821835882496,2018-01-13 18:19:53,,,"[[-104.053515, 39.999751], [-104.053515, 43.001708], [-95.30829, 43.001708], [-95.30829, 39.999751]]",Nebraska,0,Twitter for iPhone,@TheisAg Get safe Jeff!! Hope it's in error!,"Cow-calf and stockers along Highway 20 in the NW corner of Nebraska. Everything ag, as seen from behind a cow. Snapchat: cowbroker",35904,4034,0,251357775,47,NW Nebraska,Casey Schuhmacher,cowbroker,13941,8,71.61,50.0,1.0,99.0,4.0,12.5,62.5,25.0,12.5,0.0,0.0,0.0,0.0,0.0,0.0,12.5,0.0,12.5,12.5,0.0,0.0,0.0,37.5,12.5,0.0,0.0,0.0,0.0,25.0,25.0,0.0,0.0,0.0,0.0,0.0,0.0,0.0,0.0,0.0,12.5,0.0,0.0,12.5,12.5,0.0,0.0,0.0,0.0,0.0,0.0,0.0,0.0,0.0,0.0,0.0,25.0,0.0,0.0,0.0,12.5,12.5,0.0,37.5,12.5,12.5,0.0,12.5,0.0,0.0,0.0,0.0,0.0,0.0,0.0,0.0,0.0,0.0,0.0,0.0,0.0,62.5,0.0,0.0,0.0,0.0,0.0,37.5,0.0,0.0,12.5,0.0,12.5,1
952243821139685376,2018-01-13 18:19:53,,,"[[-87.022482, 35.994568], [-87.022482, 36.405448], [-86.560616, 36.405448], [-86.560616, 35.994568]]",Nashville,0,Twitter for Android,@RealDarrenCohen Dallas TX went through the same thing. Someone hacked into their weather alert system and sirens wâ¦ https://t.co/OqgKMhywip,"Just a girl who is a Nashville Predators fan  loves music, and Starbucks. Want to know more? Ask. All tweets are my own views. Instagram/Snapchat: Amymdaws âºï¸",4515,1499,0,16124837,87,Nashville TN,Amy D.,AmyPredsfan,116974,23,87.57,80.77,2.02,25.77,11.5,21.74,43.48,30.43,13.04,4.35,0.0,0.0,0.0,0.0,4.35,8.7,4.35,8.7,0.0,0.0,4.35,0.0,4.35,4.35,4.35,0.0,0.0,0.0,0.0,0.0,0.0,0.0,0.0,0.0,8.7,0.0,0.0,0.0,0.0,4.35,0.0,0.0,0.0,4.35,0.0,0.0,0.0,0.0,0.0,0.0,0.0,0.0,0.0,0.0,0.0,0.0,0.0,0.0,0.0,0.0,0.0,4.35,0.0,0.0,8.7,4.35,4.35,0.0,0.0,0.0,0.0,0.0,0.0,0.0,4.35,0.0,4.35,0.0,0.0,0.0,26.09,13.04,0.0,0.0,0.0,0.0,0.0,0.0,0.0,0.0,0.0,13.04,1
952243827229839360,2018-01-13 18:19:54,,RealMadrid; AMJoy; SaturdayMorning; MLSCombine; WhoaNellie,"[[-92.18099, 44.155242], [-92.18099, 44.174013], [-92.147958, 44.174013], [-92.147958, 44.155242]]",Plainview,0,Twitter for iPhone,PRAYERS HEADED YOUR WAY HAWAII!!   Stay safe!!   #RealMadrid #AMJoy  #SaturdayMorning  #MLSCombine  #WhoaNellie https://t.co/PTuHALr72t,"Follow me ð entrepreneur, small business. @DoubleEagleCEO is my company looking to help Veterans ðºð¸. support my work https://www.paypal.me/DoubleEagleApparel",120597,1274,0,2310344922,52,MnCD2 ,Erik Schouie,ErikSchouweile2,111589,17,85.18,88.03,66.34,98.87,5.67,35.29,47.06,5.88,5.88,5.88,0.0,0.0,5.88,0.0,0.0,0.0,0.0,0.0,0.0,0.0,0.0,0.0,5.88,5.88,0.0,0.0,0.0,0.0,5.88,5.88,0.0,0.0,0.0,0.0,5.88,0.0,0.0,0.0,0.0,0.0,0.0,0.0,0.0,0.0,0.0,0.0,0.0,0.0,0.0,0.0,0.0,0.0,0.0,0.0,0.0,5.88,0.0,0.0,0.0,0.0,5.88,0.0,5.88,5.88,23.53,11.76,11.76,5.88,0.0,0.0,0.0,0.0,5.88,0.0,5.88,0.0,5.88,0.0,0.0,0.0,70.59,5.88,0.0,0.0,0.0,0.0,23.53,0.0,0.0,0.0,0.0,41.18,1
